[{"filename": "DJI_0470.JPG", "mask": null, "width": 1600, "height": 1300, "camera_make": "DJI", "camera_model": "FC6360", "orientation": 1, "latitude": 60.81896080555556, "longitude": 23.755018305555556, "altitude": 243.09, "band_name": "RGB", "band_index": 0, "capture_uuid": "5d8a4090625a11ed89abff794b137b6a", "fnumber": 2.2, "radiometric_calibration": null, "black_level": null, "gain": null, "gain_adjustment": null, "exposure_time": 0.00015625, "iso_speed": 200, "bits_per_sample": null, "vignetting_center": null, "vignetting_polynomial": null, "spectral_irradiance": null, "horizontal_irradiance": null, "irradiance_scale_to_si": null, "utc_time": 1686565158000.0, "yaw": -59.2, "pitch": 0.09999999999999432, "roll": 0.0, "omega": -0.08668697782393799, "phi": 0.010708234881666836, "kappa": 172.95502915901733, "sun_sensor": null, "dls_yaw": null, "dls_pitch": null, "dls_roll": null, "speed_x": 0.1, "speed_y": 0.1, "speed_z": 0.0, "exif_width": 1600, "exif_height": 1300, "gps_xy_stddev": 1.99014, "gps_z_stddev": 4.59612, "camera_projection": "brown", "focal_ratio": 1.1111111111111112}, {"filename": "DJI_0460.JPG", "mask": null, "width": 1600, "height": 1300, "camera_make": "DJI", "camera_model": "FC6360", "orientation": 1, "latitude": 60.81895625000001, "longitude": 23.755050027777777, "altitude": 243.01, "band_name": "RGB", "band_index": 0, "capture_uuid": "5cc53172625a11ed84a0ff794b137b6a", "fnumber": 2.2, "radiometric_calibration": null, "black_level": null, "gain": null, "gain_adjustment": null, "exposure_time": 0.000125, "iso_speed": 200, "bits_per_sample": null, "vignetting_center": null, "vignetting_polynomial": null, "spectral_irradiance": null, "horizontal_irradiance": null, "irradiance_scale_to_si": null, "utc_time": 1686565157000.0, "yaw": -72.4, "pitch": 0.0, "roll": 0.0, "omega": -0.0, "phi": 0.0, "kappa": -173.84495036178058, "sun_sensor": null, "dls_yaw": null, "dls_pitch": null, "dls_roll": null, "speed_x": 1.2, "speed_y": -4.2, "speed_z": 0.0, "exif_width": 1600, "exif_height": 1300, "gps_xy_stddev": 1.98446, "gps_z_stddev": 4.554, "camera_projection": "brown", "focal_ratio": 1.1111111111111112}, {"filename": "DJI_0030.JPG", "mask": null, "width": 1600, "height": 1300, "camera_make": "DJI", "camera_model": "FC6360", "orientation": 1, "latitude": 60.8186915, "longitude": 23.755150666666665, "altitude": 241.59, "band_name": "RGB", "band_index": 0, "capture_uuid": "27028ae3625a11eda44cff794b137b6a", "fnumber": 2.2, "radiometric_calibration": null, "black_level": null, "gain": null, "gain_adjustment": null, "exposure_time": 0.00015625, "iso_speed": 200, "bits_per_sample": null, "vignetting_center": null, "vignetting_polynomial": null, "spectral_irradiance": null, "horizontal_irradiance": null, "irradiance_scale_to_si": null, "utc_time": 1686565067000.0, "yaw": 108.1, "pitch": 0.0, "roll": 0.0, "omega": -0.0, "phi": 0.0, "kappa": 5.655150964937462, "sun_sensor": null, "dls_yaw": null, "dls_pitch": null, "dls_roll": null, "speed_x": -2.4, "speed_y": 7.2, "speed_z": 0.0, "exif_width": 1600, "exif_height": 1300, "gps_xy_stddev": 1.95968, "gps_z_stddev": 4.61986, "camera_projection": "brown", "focal_ratio": 1.1111111111111112}, {"filename": "DJI_0940.JPG", "mask": null, "width": 1600, "height": 1300, "camera_make": "DJI", "camera_model": "FC6360", "orientation": 1, "latitude": 60.81964891666667, "longitude": 23.755463555555554, "altitude": 242.45, "band_name": "RGB", "band_index": 0, "capture_uuid": "9d901d22625a11edad41ff794b137b6a", "fnumber": 2.2, "radiometric_calibration": null, "black_level": null, "gain": null, "gain_adjustment": null, "exposure_time": 0.00015625, "iso_speed": 200, "bits_per_sample": null, "vignetting_center": null, "vignetting_polynomial": null, "spectral_irradiance": null, "horizontal_irradiance": null, "irradiance_scale_to_si": null, "utc_time": 1686565265000.0, "yaw": 49.2, "pitch": 0.09999999999999432, "roll": 0.0, "omega": 0.03753206564852059, "phi": 0.07884009322217177, "kappa": 64.5554297196018, "sun_sensor": null, "dls_yaw": null, "dls_pitch": null, "dls_roll": null, "speed_x": -0.4, "speed_y": 0.3, "speed_z": 0.0, "exif_width": 1600, "exif_height": 1300, "gps_xy_stddev": 1.97378, "gps_z_stddev": 4.6324, "camera_projection": "brown", "focal_ratio": 1.1111111111111112}, {"filename": "DJI_0020.JPG", "mask": null, "width": 1600, "height": 1300, "camera_make": "DJI", "camera_model": "FC6360", "orientation": 1, "latitude": 60.81873602777778, "longitude": 23.754896, "altitude": 241.63, "band_name": "RGB", "band_index": 0, "capture_uuid": "25625c17625a11ed99a5ff794b137b6a", "fnumber": 2.2, "radiometric_calibration": null, "black_level": null, "gain": null, "gain_adjustment": null, "exposure_time": 0.00015625, "iso_speed": 200, "bits_per_sample": null, "vignetting_center": null, "vignetting_polynomial": null, "spectral_irradiance": null, "horizontal_irradiance": null, "irradiance_scale_to_si": null, "utc_time": 1686565064000.0, "yaw": 103.7, "pitch": 0.09999999999999432, "roll": 0.0, "omega": 0.08594988387390994, "phi": 0.015243268722613123, "kappa": 10.054881352352979, "sun_sensor": null, "dls_yaw": null, "dls_pitch": null, "dls_roll": null, "speed_x": -0.5, "speed_y": 0.5, "speed_z": 0.1, "exif_width": 1600, "exif_height": 1300, "gps_xy_stddev": 1.96166, "gps_z_stddev": 4.5452, "camera_projection": "brown", "focal_ratio": 1.1111111111111112}, {"filename": "DJI_0450.JPG", "mask": null, "width": 1600, "height": 1300, "camera_make": "DJI", "camera_model": "FC6360", "orientation": 1, "latitude": 60.818918583333335, "longitude": 23.755305222222223, "altitude": 242.76, "band_name": "RGB", "band_index": 0, "capture_uuid": "5b761b27625a11edbc0cff794b137b6a", "fnumber": 2.2, "radiometric_calibration": null, "black_level": null, "gain": null, "gain_adjustment": null, "exposure_time": 0.0001, "iso_speed": 200, "bits_per_sample": null, "vignetting_center": null, "vignetting_polynomial": null, "spectral_irradiance": null, "horizontal_irradiance": null, "irradiance_scale_to_si": null, "utc_time": 1686565155000.0, "yaw": -72.2, "pitch": 0.09999999999999432, "roll": 0.0, "omega": -0.08685973404398285, "phi": -0.009058462800004278, "kappa": -174.04470350192184, "sun_sensor": null, "dls_yaw": null, "dls_pitch": null, "dls_roll": null, "speed_x": 2.0, "speed_y": -6.9, "speed_z": 0.0, "exif_width": 1600, "exif_height": 1300, "gps_xy_stddev": 1.94374, "gps_z_stddev": 4.58122, "camera_projection": "brown", "focal_ratio": 1.1111111111111112}, {"filename": "DJI_0010.JPG", "mask": null, "width": 1600, "height": 1300, "camera_make": "DJI", "camera_model": "FC6360", "orientation": 1, "latitude": 60.818737222222225, "longitude": 23.75489522222222, "altitude": 241.67, "band_name": "RGB", "band_index": 0, "capture_uuid": "24f8996a625a11ed96efff794b137b6a", "fnumber": 2.2, "radiometric_calibration": null, "black_level": null, "gain": null, "gain_adjustment": null, "exposure_time": 0.00015625, "iso_speed": 200, "bits_per_sample": null, "vignetting_center": null, "vignetting_polynomial": null, "spectral_irradiance": null, "horizontal_irradiance": null, "irradiance_scale_to_si": null, "utc_time": 1686565063000.0, "yaw": 106.9, "pitch": 0.09999999999999432, "roll": 0.0, "omega": 0.08666262773556277, "phi": 0.010420683718351162, "kappa": 6.854884682881391, "sun_sensor": null, "dls_yaw": null, "dls_pitch": null, "dls_roll": null, "speed_x": 0.0, "speed_y": 0.0, "speed_z": 0.0, "exif_width": 1600, "exif_height": 1300, "gps_xy_stddev": 1.95302, "gps_z_stddev": 4.5495, "camera_projection": "brown", "focal_ratio": 1.1111111111111112}, {"filename": "DJI_0960.JPG", "mask": null, "width": 1600, "height": 1300, "camera_make": "DJI", "camera_model": "FC6360", "orientation": 1, "latitude": 60.81956761111111, "longitude": 23.755979361111113, "altitude": 242.32, "band_name": "RGB", "band_index": 0, "capture_uuid": "a074e90d625a11ed8038ff794b137b6a", "fnumber": 2.2, "radiometric_calibration": null, "black_level": null, "gain": null, "gain_adjustment": null, "exposure_time": 0.000125, "iso_speed": 200, "bits_per_sample": null, "vignetting_center": null, "vignetting_polynomial": null, "spectral_irradiance": null, "horizontal_irradiance": null, "irradiance_scale_to_si": null, "utc_time": 1686565270000.0, "yaw": 107.3, "pitch": 0.0, "roll": 0.0, "omega": -0.0, "phi": 0.0, "kappa": 6.455980071429799, "sun_sensor": null, "dls_yaw": null, "dls_pitch": null, "dls_roll": null, "speed_x": -2.0, "speed_y": 6.6, "speed_z": 0.0, "exif_width": 1600, "exif_height": 1300, "gps_xy_stddev": 1.97542, "gps_z_stddev": 4.60222, "camera_projection": "brown", "focal_ratio": 1.1111111111111112}, {"filename": "DJI_0040.JPG", "mask": null, "width": 1600, "height": 1300, "camera_make": "DJI", "camera_model": "FC6360", "orientation": 1, "latitude": 60.818652500000006, "longitude": 23.75539761111111, "altitude": 241.85, "band_name": "RGB", "band_index": 0, "capture_uuid": "2832c814625a11edac16ff794b137b6a", "fnumber": 2.2, "radiometric_calibration": null, "black_level": null, "gain": null, "gain_adjustment": null, "exposure_time": 0.00015625, "iso_speed": 200, "bits_per_sample": null, "vignetting_center": null, "vignetting_polynomial": null, "spectral_irradiance": null, "horizontal_irradiance": null, "irradiance_scale_to_si": null, "utc_time": 1686565069000.0, "yaw": 106.5, "pitch": 0.09999999999999432, "roll": 0.0, "omega": 0.08658810973338751, "phi": 0.011026343990669834, "kappa": 7.255386609179898, "sun_sensor": null, "dls_yaw": null, "dls_pitch": null, "dls_roll": null, "speed_x": -2.0, "speed_y": 6.6, "speed_z": 0.0, "exif_width": 1600, "exif_height": 1300, "gps_xy_stddev": 1.95906, "gps_z_stddev": 4.55658, "camera_projection": "brown", "focal_ratio": 1.1111111111111112}, {"filename": "DJI_0950.JPG", "mask": null, "width": 1600, "height": 1300, "camera_make": "DJI", "camera_model": "FC6360", "orientation": 1, "latitude": 60.81960638888889, "longitude": 23.75572613888889, "altitude": 242.19, "band_name": "RGB", "band_index": 0, "capture_uuid": "9f44ad70625a11edb86eff794b137b6a", "fnumber": 2.2, "radiometric_calibration": null, "black_level": null, "gain": null, "gain_adjustment": null, "exposure_time": 0.00015625, "iso_speed": 200, "bits_per_sample": null, "vignetting_center": null, "vignetting_polynomial": null, "spectral_irradiance": null, "horizontal_irradiance": null, "irradiance_scale_to_si": null, "utc_time": 1686565268000.0, "yaw": 108.3, "pitch": 0.0, "roll": 0.0, "omega": -0.0, "phi": 0.0, "kappa": 5.4557261917114825, "sun_sensor": null, "dls_yaw": null, "dls_pitch": null, "dls_roll": null, "speed_x": -2.2, "speed_y": 7.4, "speed_z": 0.1, "exif_width": 1600, "exif_height": 1300, "gps_xy_stddev": 1.9846, "gps_z_stddev": 4.62422, "camera_projection": "brown", "focal_ratio": 1.1111111111111112}, {"filename": "DJI_0440.JPG", "mask": null, "width": 1600, "height": 1300, "camera_make": "DJI", "camera_model": "FC6360", "orientation": 1, "latitude": 60.81888080555556, "longitude": 23.755560555555554, "altitude": 242.65, "band_name": "RGB", "band_index": 0, "capture_uuid": "5a45e2f3625a11edb442ff794b137b6a", "fnumber": 2.2, "radiometric_calibration": null, "black_level": null, "gain": null, "gain_adjustment": null, "exposure_time": 0.0001, "iso_speed": 200, "bits_per_sample": null, "vignetting_center": null, "vignetting_polynomial": null, "spectral_irradiance": null, "horizontal_irradiance": null, "irradiance_scale_to_si": null, "utc_time": 1686565153000.0, "yaw": -72.4, "pitch": 0.0, "roll": 0.0, "omega": -0.0, "phi": 0.0, "kappa": -173.84443983754866, "sun_sensor": null, "dls_yaw": null, "dls_pitch": null, "dls_roll": null, "speed_x": 2.1, "speed_y": -6.9, "speed_z": 0.0, "exif_width": 1600, "exif_height": 1300, "gps_xy_stddev": 1.95336, "gps_z_stddev": 4.57174, "camera_projection": "brown", "focal_ratio": 1.1111111111111112}]