{
  "file_size": 2648886,
  "filename": "/var/www/data/68c3e962-dfa8-4bb0-8914-275388319c67/odm_georeferencing/odm_georeferenced_model.laz",
  "now": "2024-03-14T09:31:38+0000",
  "pdal_version": "2.4.3 (git-version: Release)",
  "reader": "readers.las",
  "stats":
  {
    "bbox":
    {
      "EPSG:4326":
      {
        "bbox":
        {
          "maxx": 23.75587946,
          "maxy": 60.81920171,
          "maxz": 191.398,
          "minx": 23.75451811,
          "miny": 60.81850338,
          "minz": 159.346
        },
        "boundary": { "type": "Polygon", "coordinates": [ [ [ 23.754518107867526, 60.818530131336445, 159.346 ], [ 23.754575874986632, 60.819201709894749, 159.346 ], [ 23.755879460306087, 60.819174961595415, 191.398 ], [ 23.755821665933425, 60.818503383770036, 191.398 ], [ 23.754518107867526, 60.818530131336445, 159.346 ] ] ] }
      },
      "native":
      {
        "bbox":
        {
          "maxx": 649870.281,
          "maxy": 6745794.283,
          "maxz": 191.398,
          "minx": 649799.293,
          "miny": 6745719.395,
          "minz": 159.346
        },
        "boundary": { "type": "Polygon", "coordinates": [ [ [ 649799.292999999946915, 6745719.394999999552965, 159.346 ], [ 649799.292999999946915, 6745794.282999999821186, 159.346 ], [ 649870.280999999959022, 6745794.282999999821186, 191.398 ], [ 649870.280999999959022, 6745719.394999999552965, 191.398 ], [ 649799.292999999946915, 6745719.394999999552965, 159.346 ] ] ] }
      }
    },
    "statistic":
    [
      {
        "average": 649833.9522,
        "count": 628062,
        "maximum": 649870.281,
        "minimum": 649799.293,
        "name": "X",
        "position": 0,
        "stddev": 15.08375113,
        "variance": 227.519548
      },
      {
        "average": 6745753.474,
        "count": 628062,
        "maximum": 6745794.283,
        "minimum": 6745719.395,
        "name": "Y",
        "position": 1,
        "stddev": 16.90438146,
        "variance": 285.7581124
      },
      {
        "average": 180.3054066,
        "count": 628062,
        "maximum": 191.398,
        "minimum": 159.346,
        "name": "Z",
        "position": 2,
        "stddev": 2.988013669,
        "variance": 8.928225684
      }
    ]
  }
}
