{
  "file_size": 2648886,
  "filename": "/var/www/data/68c3e962-dfa8-4bb0-8914-275388319c67/odm_georeferencing/odm_georeferenced_model.laz",
  "now": "2024-03-14T09:31:30+0000",
  "pdal_version": "2.4.3 (git-version: Release)",
  "reader": "readers.las",
  "summary":
  {
    "bounds":
    {
      "maxx": 649870.2807,
      "maxy": 6745794.283,
      "maxz": 191.3982391,
      "minx": 649799.2925,
      "miny": 6745719.395,
      "minz": 159.3459473
    },
    "dimensions": "X, Y, Z, Intensity, ReturnNumber, NumberOfReturns, ScanDirectionFlag, EdgeOfFlightLine, Classification, ScanAngleRank, UserData, PointSourceId, GpsTime, Red, Green, Blue",
    "num_points": 628062,
    "srs":
    {
      "compoundwkt": "PROJCS[\"WGS 84 / UTM zone 34N\",GEOGCS[\"WGS 84\",DATUM[\"WGS_1984\",SPHEROID[\"WGS 84\",6378137,298.257223563,AUTHORITY[\"EPSG\",\"7030\"]],AUTHORITY[\"EPSG\",\"6326\"]],PRIMEM[\"Greenwich\",0,AUTHORITY[\"EPSG\",\"8901\"]],UNIT[\"degree\",0.0174532925199433,AUTHORITY[\"EPSG\",\"9122\"]],AUTHORITY[\"EPSG\",\"4326\"]],PROJECTION[\"Transverse_Mercator\"],PARAMETER[\"latitude_of_origin\",0],PARAMETER[\"central_meridian\",21],PARAMETER[\"scale_factor\",0.9996],PARAMETER[\"false_easting\",500000],PARAMETER[\"false_northing\",0],UNIT[\"metre\",1,AUTHORITY[\"EPSG\",\"9001\"]],AXIS[\"Easting\",EAST],AXIS[\"Northing\",NORTH],AUTHORITY[\"EPSG\",\"32634\"]]",
      "horizontal": "PROJCS[\"WGS 84 / UTM zone 34N\",GEOGCS[\"WGS 84\",DATUM[\"WGS_1984\",SPHEROID[\"WGS 84\",6378137,298.257223563,AUTHORITY[\"EPSG\",\"7030\"]],AUTHORITY[\"EPSG\",\"6326\"]],PRIMEM[\"Greenwich\",0,AUTHORITY[\"EPSG\",\"8901\"]],UNIT[\"degree\",0.0174532925199433,AUTHORITY[\"EPSG\",\"9122\"]],AUTHORITY[\"EPSG\",\"4326\"]],PROJECTION[\"Transverse_Mercator\"],PARAMETER[\"latitude_of_origin\",0],PARAMETER[\"central_meridian\",21],PARAMETER[\"scale_factor\",0.9996],PARAMETER[\"false_easting\",500000],PARAMETER[\"false_northing\",0],UNIT[\"metre\",1,AUTHORITY[\"EPSG\",\"9001\"]],AXIS[\"Easting\",EAST],AXIS[\"Northing\",NORTH],AUTHORITY[\"EPSG\",\"32634\"]]",
      "isgeocentric": false,
      "isgeographic": false,
      "prettycompoundwkt": "PROJCS[\"WGS 84 / UTM zone 34N\",\n    GEOGCS[\"WGS 84\",\n        DATUM[\"WGS_1984\",\n            SPHEROID[\"WGS 84\",6378137,298.257223563,\n                AUTHORITY[\"EPSG\",\"7030\"]],\n            AUTHORITY[\"EPSG\",\"6326\"]],\n        PRIMEM[\"Greenwich\",0,\n            AUTHORITY[\"EPSG\",\"8901\"]],\n        UNIT[\"degree\",0.0174532925199433,\n            AUTHORITY[\"EPSG\",\"9122\"]],\n        AUTHORITY[\"EPSG\",\"4326\"]],\n    PROJECTION[\"Transverse_Mercator\"],\n    PARAMETER[\"latitude_of_origin\",0],\n    PARAMETER[\"central_meridian\",21],\n    PARAMETER[\"scale_factor\",0.9996],\n    PARAMETER[\"false_easting\",500000],\n    PARAMETER[\"false_northing\",0],\n    UNIT[\"metre\",1,\n        AUTHORITY[\"EPSG\",\"9001\"]],\n    AXIS[\"Easting\",EAST],\n    AXIS[\"Northing\",NORTH],\n    AUTHORITY[\"EPSG\",\"32634\"]]",
      "prettywkt": "PROJCS[\"WGS 84 / UTM zone 34N\",\n    GEOGCS[\"WGS 84\",\n        DATUM[\"WGS_1984\",\n            SPHEROID[\"WGS 84\",6378137,298.257223563,\n                AUTHORITY[\"EPSG\",\"7030\"]],\n            AUTHORITY[\"EPSG\",\"6326\"]],\n        PRIMEM[\"Greenwich\",0,\n            AUTHORITY[\"EPSG\",\"8901\"]],\n        UNIT[\"degree\",0.0174532925199433,\n            AUTHORITY[\"EPSG\",\"9122\"]],\n        AUTHORITY[\"EPSG\",\"4326\"]],\n    PROJECTION[\"Transverse_Mercator\"],\n    PARAMETER[\"latitude_of_origin\",0],\n    PARAMETER[\"central_meridian\",21],\n    PARAMETER[\"scale_factor\",0.9996],\n    PARAMETER[\"false_easting\",500000],\n    PARAMETER[\"false_northing\",0],\n    UNIT[\"metre\",1,\n        AUTHORITY[\"EPSG\",\"9001\"]],\n    AXIS[\"Easting\",EAST],\n    AXIS[\"Northing\",NORTH],\n    AUTHORITY[\"EPSG\",\"32634\"]]",
      "proj4": "+proj=utm +zone=34 +datum=WGS84 +units=m +no_defs",
      "units":
      {
        "horizontal": "metre",
        "vertical": ""
      },
      "vertical": "",
      "wkt": "PROJCS[\"WGS 84 / UTM zone 34N\",GEOGCS[\"WGS 84\",DATUM[\"WGS_1984\",SPHEROID[\"WGS 84\",6378137,298.257223563,AUTHORITY[\"EPSG\",\"7030\"]],AUTHORITY[\"EPSG\",\"6326\"]],PRIMEM[\"Greenwich\",0,AUTHORITY[\"EPSG\",\"8901\"]],UNIT[\"degree\",0.0174532925199433,AUTHORITY[\"EPSG\",\"9122\"]],AUTHORITY[\"EPSG\",\"4326\"]],PROJECTION[\"Transverse_Mercator\"],PARAMETER[\"latitude_of_origin\",0],PARAMETER[\"central_meridian\",21],PARAMETER[\"scale_factor\",0.9996],PARAMETER[\"false_easting\",500000],PARAMETER[\"false_northing\",0],UNIT[\"metre\",1,AUTHORITY[\"EPSG\",\"9001\"]],AXIS[\"Easting\",EAST],AXIS[\"Northing\",NORTH],AUTHORITY[\"EPSG\",\"32634\"]]"
    }
  }
}
