{
  "bounds": [
    649799.2925300598,
    6745719.395397186,
    159.345947265625,
    649870.2807388306,
    6745794.282766342,
    191.3982391357422
  ],
  "metadata": {
    "readers.las": {
      "comp_spatialreference": "PROJCS[\"WGS 84 / UTM zone 34N\",GEOGCS[\"WGS 84\",DATUM[\"WGS_1984\",SPHEROID[\"WGS 84\",6378137,298.257223563,AUTHORITY[\"EPSG\",\"7030\"]],AUTHORITY[\"EPSG\",\"6326\"]],PRIMEM[\"Greenwich\",0,AUTHORITY[\"EPSG\",\"8901\"]],UNIT[\"degree\",0.0174532925199433,AUTHORITY[\"EPSG\",\"9122\"]],AUTHORITY[\"EPSG\",\"4326\"]],PROJECTION[\"Transverse_Mercator\"],PARAMETER[\"latitude_of_origin\",0],PARAMETER[\"central_meridian\",21],PARAMETER[\"scale_factor\",0.9996],PARAMETER[\"false_easting\",500000],PARAMETER[\"false_northing\",0],UNIT[\"metre\",1,AUTHORITY[\"EPSG\",\"9001\"]],AXIS[\"Easting\",EAST],AXIS[\"Northing\",NORTH],AUTHORITY[\"EPSG\",\"32634\"]]",
      "compressed": true,
      "copc": false,
      "count": 628062,
      "creation_doy": 0,
      "creation_year": 2024,
      "dataformat_id": 3,
      "dataoffset": 522,
      "filesource_id": 0,
      "global_encoding": 0,
      "global_encoding_base64": "AAA=",
      "gtiff": "Geotiff_Information:\n   Version: 1\n   Key_Revision: 1.0\n   Tagged_Information:\n      End_Of_Tags.\n   Keyed_Information:\n      GTModelTypeGeoKey (Short,1): ModelTypeProjected\n      GTRasterTypeGeoKey (Short,1): RasterPixelIsArea\n      GTCitationGeoKey (Ascii,8): \"unknown\"\n      GeogCitationGeoKey (Ascii,8): \"unknown\"\n      GeogAngularUnitsGeoKey (Short,1): Angular_Degree\n      ProjectedCSTypeGeoKey (Short,1): PCS_WGS84_UTM_zone_34N\n      ProjLinearUnitsGeoKey (Short,1): Linear_Meter\n      End_Of_Keys.\n   End_Of_Geotiff.\n",
      "header_size": 227,
      "major_version": 1,
      "maxx": 649870.2807,
      "maxy": 6745794.283,
      "maxz": 191.3982391,
      "minor_version": 2,
      "minx": 649799.2925,
      "miny": 6745719.395,
      "minz": 159.3459473,
      "offset_x": 649840,
      "offset_y": 6745777,
      "offset_z": 0,
      "point_length": 34,
      "project_id": "00000000-0000-0000-0000-000000000000",
      "scale_x": 0.001,
      "scale_y": 0.001,
      "scale_z": 0.001,
      "software_id": "PDAL 2.4.3 (Releas)",
      "spatialreference": "PROJCS[\"WGS 84 / UTM zone 34N\",GEOGCS[\"WGS 84\",DATUM[\"WGS_1984\",SPHEROID[\"WGS 84\",6378137,298.257223563,AUTHORITY[\"EPSG\",\"7030\"]],AUTHORITY[\"EPSG\",\"6326\"]],PRIMEM[\"Greenwich\",0,AUTHORITY[\"EPSG\",\"8901\"]],UNIT[\"degree\",0.0174532925199433,AUTHORITY[\"EPSG\",\"9122\"]],AUTHORITY[\"EPSG\",\"4326\"]],PROJECTION[\"Transverse_Mercator\"],PARAMETER[\"latitude_of_origin\",0],PARAMETER[\"central_meridian\",21],PARAMETER[\"scale_factor\",0.9996],PARAMETER[\"false_easting\",500000],PARAMETER[\"false_northing\",0],UNIT[\"metre\",1,AUTHORITY[\"EPSG\",\"9001\"]],AXIS[\"Easting\",EAST],AXIS[\"Northing\",NORTH],AUTHORITY[\"EPSG\",\"32634\"]]",
      "srs": {
        "compoundwkt": "PROJCS[\"WGS 84 / UTM zone 34N\",GEOGCS[\"WGS 84\",DATUM[\"WGS_1984\",SPHEROID[\"WGS 84\",6378137,298.257223563,AUTHORITY[\"EPSG\",\"7030\"]],AUTHORITY[\"EPSG\",\"6326\"]],PRIMEM[\"Greenwich\",0,AUTHORITY[\"EPSG\",\"8901\"]],UNIT[\"degree\",0.0174532925199433,AUTHORITY[\"EPSG\",\"9122\"]],AUTHORITY[\"EPSG\",\"4326\"]],PROJECTION[\"Transverse_Mercator\"],PARAMETER[\"latitude_of_origin\",0],PARAMETER[\"central_meridian\",21],PARAMETER[\"scale_factor\",0.9996],PARAMETER[\"false_easting\",500000],PARAMETER[\"false_northing\",0],UNIT[\"metre\",1,AUTHORITY[\"EPSG\",\"9001\"]],AXIS[\"Easting\",EAST],AXIS[\"Northing\",NORTH],AUTHORITY[\"EPSG\",\"32634\"]]",
        "horizontal": "PROJCS[\"WGS 84 / UTM zone 34N\",GEOGCS[\"WGS 84\",DATUM[\"WGS_1984\",SPHEROID[\"WGS 84\",6378137,298.257223563,AUTHORITY[\"EPSG\",\"7030\"]],AUTHORITY[\"EPSG\",\"6326\"]],PRIMEM[\"Greenwich\",0,AUTHORITY[\"EPSG\",\"8901\"]],UNIT[\"degree\",0.0174532925199433,AUTHORITY[\"EPSG\",\"9122\"]],AUTHORITY[\"EPSG\",\"4326\"]],PROJECTION[\"Transverse_Mercator\"],PARAMETER[\"latitude_of_origin\",0],PARAMETER[\"central_meridian\",21],PARAMETER[\"scale_factor\",0.9996],PARAMETER[\"false_easting\",500000],PARAMETER[\"false_northing\",0],UNIT[\"metre\",1,AUTHORITY[\"EPSG\",\"9001\"]],AXIS[\"Easting\",EAST],AXIS[\"Northing\",NORTH],AUTHORITY[\"EPSG\",\"32634\"]]",
        "isgeocentric": false,
        "isgeographic": false,
        "prettycompoundwkt": "PROJCS[\"WGS 84 / UTM zone 34N\",\n    GEOGCS[\"WGS 84\",\n        DATUM[\"WGS_1984\",\n            SPHEROID[\"WGS 84\",6378137,298.257223563,\n                AUTHORITY[\"EPSG\",\"7030\"]],\n            AUTHORITY[\"EPSG\",\"6326\"]],\n        PRIMEM[\"Greenwich\",0,\n            AUTHORITY[\"EPSG\",\"8901\"]],\n        UNIT[\"degree\",0.0174532925199433,\n            AUTHORITY[\"EPSG\",\"9122\"]],\n        AUTHORITY[\"EPSG\",\"4326\"]],\n    PROJECTION[\"Transverse_Mercator\"],\n    PARAMETER[\"latitude_of_origin\",0],\n    PARAMETER[\"central_meridian\",21],\n    PARAMETER[\"scale_factor\",0.9996],\n    PARAMETER[\"false_easting\",500000],\n    PARAMETER[\"false_northing\",0],\n    UNIT[\"metre\",1,\n        AUTHORITY[\"EPSG\",\"9001\"]],\n    AXIS[\"Easting\",EAST],\n    AXIS[\"Northing\",NORTH],\n    AUTHORITY[\"EPSG\",\"32634\"]]",
        "prettywkt": "PROJCS[\"WGS 84 / UTM zone 34N\",\n    GEOGCS[\"WGS 84\",\n        DATUM[\"WGS_1984\",\n            SPHEROID[\"WGS 84\",6378137,298.257223563,\n                AUTHORITY[\"EPSG\",\"7030\"]],\n            AUTHORITY[\"EPSG\",\"6326\"]],\n        PRIMEM[\"Greenwich\",0,\n            AUTHORITY[\"EPSG\",\"8901\"]],\n        UNIT[\"degree\",0.0174532925199433,\n            AUTHORITY[\"EPSG\",\"9122\"]],\n        AUTHORITY[\"EPSG\",\"4326\"]],\n    PROJECTION[\"Transverse_Mercator\"],\n    PARAMETER[\"latitude_of_origin\",0],\n    PARAMETER[\"central_meridian\",21],\n    PARAMETER[\"scale_factor\",0.9996],\n    PARAMETER[\"false_easting\",500000],\n    PARAMETER[\"false_northing\",0],\n    UNIT[\"metre\",1,\n        AUTHORITY[\"EPSG\",\"9001\"]],\n    AXIS[\"Easting\",EAST],\n    AXIS[\"Northing\",NORTH],\n    AUTHORITY[\"EPSG\",\"32634\"]]",
        "proj4": "+proj=utm +zone=34 +datum=WGS84 +units=m +no_defs",
        "units": {
          "horizontal": "metre",
          "vertical": ""
        },
        "vertical": "",
        "wkt": "PROJCS[\"WGS 84 / UTM zone 34N\",GEOGCS[\"WGS 84\",DATUM[\"WGS_1984\",SPHEROID[\"WGS 84\",6378137,298.257223563,AUTHORITY[\"EPSG\",\"7030\"]],AUTHORITY[\"EPSG\",\"6326\"]],PRIMEM[\"Greenwich\",0,AUTHORITY[\"EPSG\",\"8901\"]],UNIT[\"degree\",0.0174532925199433,AUTHORITY[\"EPSG\",\"9122\"]],AUTHORITY[\"EPSG\",\"4326\"]],PROJECTION[\"Transverse_Mercator\"],PARAMETER[\"latitude_of_origin\",0],PARAMETER[\"central_meridian\",21],PARAMETER[\"scale_factor\",0.9996],PARAMETER[\"false_easting\",500000],PARAMETER[\"false_northing\",0],UNIT[\"metre\",1,AUTHORITY[\"EPSG\",\"9001\"]],AXIS[\"Easting\",EAST],AXIS[\"Northing\",NORTH],AUTHORITY[\"EPSG\",\"32634\"]]"
      },
      "system_id": "PDAL",
      "vlr_0": {
        "data": "AQABAAAABwAABAAAAQABAAEEAAABAAEAAgSxhwgAAAABCLGHCAAIAAYIAAABAI4jAAwAAAEAen8EDAAAAQApIw==",
        "description": "GeoTiff GeoKeyDirectoryTag",
        "record_id": 34735,
        "user_id": "LASF_Projection"
      },
      "vlr_1": {
        "data": "dW5rbm93bnx1bmtub3dufAA=",
        "description": "GeoTiff GeoAsciiParamsTag",
        "record_id": 34737,
        "user_id": "LASF_Projection"
      },
      "vlr_2": {
        "data": "AgAAAAMEAwAAAAAAUMMAAP////////////////////8DAAYAFAACAAcACAACAAgABgACAA==",
        "description": "http://laszip.org",
        "record_id": 22204,
        "user_id": "laszip encoded"
      },
      "vlr_3": {
        "data": "AQABAAAABwAABAAAAQABAAEEAAABAAEAAgSxhwgAAAABCLGHCAAIAAYIAAABAI4jAAwAAAEAen8EDAAAAQApIw==",
        "description": "GeoTiff GeoKeyDirectoryTag",
        "record_id": 34735,
        "user_id": "LASF_Projection"
      },
      "vlr_4": {
        "data": "dW5rbm93bnx1bmtub3dufAA=",
        "description": "GeoTiff GeoAsciiParamsTag",
        "record_id": 34737,
        "user_id": "LASF_Projection"
      },
      "vlr_5": {
        "data": "AgAAAAMEAwAAAAAAUMMAAP////////////////////8DAAYAFAACAAcACAACAAgABgACAA==",
        "description": "http://laszip.org",
        "record_id": 22204,
        "user_id": "laszip encoded"
      }
    }
  },
  "path": "/var/www/data/68c3e962-dfa8-4bb0-8914-275388319c67/odm_georeferencing/odm_georeferenced_model.laz",
  "pipeline": [
    {
      "filename": "/var/www/data/68c3e962-dfa8-4bb0-8914-275388319c67/odm_georeferencing/odm_georeferenced_model.laz"
    }
  ],
  "points": 628062,
  "schema": [
    {
      "count": 628062,
      "maximum": 649870.281,
      "mean": 649833.9522430805,
      "minimum": 649799.293,
      "name": "X",
      "offset": 649840,
      "scale": 0.001,
      "size": 4,
      "stddev": 15.083739117232543,
      "type": "signed",
      "variance": 227.51918575673116
    },
    {
      "count": 628062,
      "maximum": 6745794.283,
      "mean": 6745753.473826408,
      "minimum": 6745719.395,
      "name": "Y",
      "offset": 6745777,
      "scale": 0.001,
      "size": 4,
      "stddev": 16.90436799845649,
      "type": "signed",
      "variance": 285.7576574272399
    },
    {
      "count": 628062,
      "maximum": 191.398,
      "mean": 180.30540661431726,
      "minimum": 159.346,
      "name": "Z",
      "scale": 0.001,
      "size": 4,
      "stddev": 2.9880112898065407,
      "type": "signed",
      "variance": 8.928211468011348
    },
    {
      "count": 628062,
      "maximum": 0,
      "mean": 0,
      "minimum": 0,
      "name": "Intensity",
      "size": 2,
      "stddev": 0,
      "type": "unsigned",
      "variance": 0
    },
    {
      "count": 628062,
      "maximum": 1,
      "mean": 1,
      "minimum": 1,
      "name": "ReturnNumber",
      "size": 1,
      "stddev": 0,
      "type": "unsigned",
      "variance": 0
    },
    {
      "count": 628062,
      "maximum": 1,
      "mean": 1,
      "minimum": 1,
      "name": "NumberOfReturns",
      "size": 1,
      "stddev": 0,
      "type": "unsigned",
      "variance": 0
    },
    {
      "count": 628062,
      "maximum": 0,
      "mean": 0,
      "minimum": 0,
      "name": "ScanDirectionFlag",
      "size": 1,
      "stddev": 0,
      "type": "unsigned",
      "variance": 0
    },
    {
      "count": 628062,
      "maximum": 0,
      "mean": 0,
      "minimum": 0,
      "name": "EdgeOfFlightLine",
      "size": 1,
      "stddev": 0,
      "type": "unsigned",
      "variance": 0
    },
    {
      "count": 628062,
      "counts": [
        {
          "count": 628062,
          "value": 0
        }
      ],
      "maximum": 0,
      "mean": 0,
      "minimum": 0,
      "name": "Classification",
      "size": 1,
      "stddev": 0,
      "type": "unsigned",
      "variance": 0
    },
    {
      "count": 628062,
      "maximum": 0,
      "mean": 0,
      "minimum": 0,
      "name": "ScanAngleRank",
      "size": 4,
      "stddev": 0,
      "type": "float",
      "variance": 0
    },
    {
      "count": 628062,
      "maximum": 8,
      "mean": 4.562645089179178,
      "minimum": 2,
      "name": "UserData",
      "size": 1,
      "stddev": 2.2273656775998214,
      "type": "unsigned",
      "variance": 4.9611578617497125
    },
    {
      "count": 628062,
      "maximum": 0,
      "mean": 0,
      "minimum": 0,
      "name": "PointSourceId",
      "size": 2,
      "stddev": 0,
      "type": "unsigned",
      "variance": 0
    },
    {
      "count": 628062,
      "maximum": 0,
      "mean": 0,
      "minimum": 0,
      "name": "GpsTime",
      "size": 8,
      "stddev": 0,
      "type": "float",
      "variance": 0
    },
    {
      "count": 628062,
      "maximum": 255,
      "mean": 98.37001920192844,
      "minimum": 0,
      "name": "Red",
      "size": 2,
      "stddev": 48.25482477518251,
      "type": "unsigned",
      "variance": 2328.5281140835677
    },
    {
      "count": 628062,
      "maximum": 254,
      "mean": 96.42579872687767,
      "minimum": 0,
      "name": "Green",
      "size": 2,
      "stddev": 42.43986458732224,
      "type": "unsigned",
      "variance": 1801.1421061902483
    },
    {
      "count": 628062,
      "maximum": 252,
      "mean": 66.48425792358061,
      "minimum": 0,
      "name": "Blue",
      "size": 2,
      "stddev": 41.66503302250841,
      "type": "unsigned",
      "variance": 1735.9749767667165
    }
  ],
  "srs": {
    "authority": "EPSG",
    "horizontal": "32634",
    "wkt": "PROJCS[\"WGS 84 / UTM zone 34N\",GEOGCS[\"WGS 84\",DATUM[\"WGS_1984\",SPHEROID[\"WGS 84\",6378137,298.257223563,AUTHORITY[\"EPSG\",\"7030\"]],AUTHORITY[\"EPSG\",\"6326\"]],PRIMEM[\"Greenwich\",0,AUTHORITY[\"EPSG\",\"8901\"]],UNIT[\"degree\",0.0174532925199433,AUTHORITY[\"EPSG\",\"9122\"]],AUTHORITY[\"EPSG\",\"4326\"]],PROJECTION[\"Transverse_Mercator\"],PARAMETER[\"latitude_of_origin\",0],PARAMETER[\"central_meridian\",21],PARAMETER[\"scale_factor\",0.9996],PARAMETER[\"false_easting\",500000],PARAMETER[\"false_northing\",0],UNIT[\"metre\",1,AUTHORITY[\"EPSG\",\"9001\"]],AXIS[\"Easting\",EAST],AXIS[\"Northing\",NORTH],AUTHORITY[\"EPSG\",\"32634\"]]"
  }
}